type,question,oracle_response
animals,"What is the fastest land animal in the world?","The cheetah is the fastest, reaching speeds of 60–70 mph."
animals,"Which mammal is capable of true flight?","The bat is the only mammal that can truly fly."
animals,"What is the largest living animal on Earth?","The blue whale is the largest living animal."
animals,"Which bird is known for its ability to mimic human speech?","The parrot is famous for mimicking human speech."
animals,"What is the only marsupial native to North America?","The Virginia opossum is the only marsupial in North America."
animals,"Which animal has the longest lifespan of any vertebrate?","The Greenland shark can live for over 400 years."
animals,"What is the largest species of shark?","The whale shark is the largest species of shark."
animals,"Which animal is considered the king of the jungle?","The lion is known as the king of the jungle."
animals,"What mammal lays eggs instead of giving birth to live young?","The platypus is one of the few egg-laying mammals."
animals,"Which bird cannot fly but is the fastest runner?","The ostrich is flightless but the fastest-running bird."
animals,"What is the only mammal that can see ultraviolet light?","Reindeer can see ultraviolet light."
animals,"Which animal is known for changing its skin color for camouflage?","The chameleon can change its skin color."
animals,"What is the largest land animal?","The African elephant is the largest land animal."
animals,"Which sea creature has three hearts and blue blood?","The octopus has three hearts and blue blood."
animals,"Which mammal spends almost all of its life hanging upside down?","The sloth spends most of its life hanging upside down."
animals,"Which animal is known as the ship of the desert?","The camel is called the ship of the desert."
animals,"Which animal can regrow lost limbs like arms or tails?","The starfish can regenerate lost limbs."
animals,"Which mammal is known to have the most powerful bite?","The hippopotamus has the most powerful mammal bite."
animals,"Which animal is the symbol of wisdom in Greek mythology?","The owl is the symbol of wisdom."
animals,"Which mammal can sleep standing up but must lie down to dream?","Horses can sleep standing but lie down to dream."
animals,"What is the tallest living animal?","The giraffe is the tallest living animal."
animals,"Which reptile has been on Earth for more than 200 million years?","The crocodile has existed for over 200 million years."
animals,"Which animal is known for building dams and lodges in rivers?","The beaver is known for building dams and lodges."
animals,"Which bird is the largest living species?","The ostrich is the largest living bird."
animals,"What insect is the primary pollinator of crops worldwide?","The honeybee is the most important pollinator."
animals,"Which marine mammal is famous for its playful intelligence?","The dolphin is famous for its intelligence."
animals,"Which insect can carry objects many times its body weight?","The ant can carry up to 50 times its body weight."
animals,"Which mammal has fingerprints almost identical to humans?","Koalas have fingerprints nearly identical to humans."
animals,"Which animal is the national symbol of Australia?","The kangaroo is the national symbol of Australia."
animals,"What is the slowest land animal?","The three-toed sloth is the slowest land animal."
animals,"Which fish is capable of generating electricity to stun prey?","The electric eel can generate electricity."
animals,"Which reptile can detach its tail to escape predators?","Lizards can detach their tails as a defense mechanism."
animals,"Which animal produces the loudest sound in the animal kingdom?","The blue whale produces the loudest sound."
animals,"What is the largest species of penguin?","The emperor penguin is the largest penguin species."
animals,"Which mammal is capable of echolocation to navigate?","Bats use echolocation to navigate."
animals,"Which insect is known for its ability to leap great distances?","The grasshopper can leap great distances."
animals,"Which mammal has the longest gestation period?","The African elephant has the longest gestation at about 22 months."
animals,"Which animal can rotate its head up to 270 degrees?","The owl can rotate its head up to 270 degrees."
animals,"What is the only continent without native reptiles or snakes?","Antarctica has no native reptiles or snakes."
animals,"Which mammal spends its entire life in the ocean?","The whale spends its entire life in the ocean."
animals,"What is the fastest marine animal?","The sailfish is the fastest marine animal."
animals,"Which animal is known as the panda’s closest relative?","The spectacled bear is considered its closest relative."
animals,"Which animal is capable of changing its gender during its life?","Clownfish can change gender during their life."
animals,"What is the only mammal capable of sustained hovering in flight?","The hummingbird is the only one capable of this among birds, but bats hover too."
animals,"Which animal is known for carrying its home on its back?","The turtle carries its shell as its home."
animals,"Which mammal has the longest migration of any land animal?","Caribou have the longest land migration."
animals,"Which bird is a universal symbol of peace?","The dove is a symbol of peace."
animals,"Which sea animal is known for squirting ink to escape predators?","The squid uses ink to escape predators."
animals,"What is the largest species of bear?","The polar bear is the largest species of bear."
animals,"Which mammal spends the most time sleeping each day?","The koala sleeps up to 22 hours per day."
animals,"Which fish is famous for its deadly toxin?","The pufferfish contains deadly toxins."
animals,"Which mammal can jump up to three times its body length?","The kangaroo is known for its powerful jumps."
animals,"Which bird can fly backward?","The hummingbird can fly backward."
animals,"Which animal has a pouch to carry its young?","The kangaroo carries its young in a pouch."
animals,"Which reptile is famous for its snapping jaws and armored body?","The alligator is known for these traits."
animals,"Which mammal is the largest primate?","The gorilla is the largest primate."
animals,"Which animal is the largest species of cat?","The Siberian tiger is the largest cat species."
animals,"Which animal is the tallest bird in the world?","The ostrich is the tallest bird."
animals,"Which insect undergoes complete metamorphosis into a butterfly?","The caterpillar transforms into a butterfly."
animals,"What is the largest rodent in the world?","The capybara is the largest rodent."
animals,"Which animal is known for laughing-like vocalizations?","The hyena produces laughing-like sounds."
animals,"Which bird is associated with delivering babies in folklore?","The stork is associated with delivering babies."
animals,"What is the only mammal that cannot jump?","The elephant cannot jump."
animals,"Which sea creature has stingers on its tentacles?","The jellyfish uses stingers for defense and prey capture."
animals,"Which animal has the longest neck of any living species?","The giraffe has the longest neck."
animals,"Which animal uses tools to open shells and rocks?","The sea otter uses tools for feeding."
animals,"What is the smallest bird in the world?","The bee hummingbird is the smallest bird."
animals,"Which insect is responsible for spreading malaria?","The mosquito spreads malaria."
animals,"Which mammal has a prehensile tail for grasping?","The spider monkey has a prehensile tail."
animals,"Which bird has the largest wingspan of any living species?","The wandering albatross has the largest wingspan."
animals,"What is the only flightless bird native to the Galápagos Islands?","The cormorant is flightless in the Galápagos."
animals,"Which animal is considered the largest reptile alive today?","The saltwater crocodile is the largest living reptile."
animals,"Which animal can regrow its teeth throughout its life?","The shark continually replaces its teeth."
animals,"Which animal produces pearls inside its shell?","The oyster produces pearls."
animals,"Which bird is the national symbol of the United States?","The bald eagle is the national bird."
animals,"Which mammal is known for carrying its young on its back?","The opossum often carries its young on its back."
animals,"What is the fastest bird in a dive?","The peregrine falcon is the fastest diving bird."
animals,"Which amphibian can secrete toxins to defend itself?","The poison dart frog secretes toxins."
animals,"Which animal is known for its black and white stripes?","The zebra is famous for its stripes."
animals,"Which sea creature can regenerate an entire new body from one arm?","The starfish can regenerate its body."
animals,"Which animal has the largest brain relative to its body size?","The shrew has the largest brain-to-body ratio."
animals,"Which bird migrates the longest distance each year?","The Arctic tern migrates the farthest of any bird."
animals,"Which animal is known for rolling into a tight ball for defense?","The armadillo rolls into a ball for protection."
animals,"Which insect is known for producing silk?","The silkworm produces silk."
animals,"Which reptile has a tongue longer than its body?","The chameleon has an extremely long tongue."
animals,"Which animal is known as the man’s best friend?","The dog is often called man’s best friend."
animals,"Which mammal is known for its tusks and trunk?","The elephant is known for tusks and trunk."
animals,"Which sea animal is famous for its ability to camouflage?","The cuttlefish can rapidly change its color."
animals,"What is the smallest mammal in the world?","The bumblebee bat is the smallest mammal."
animals,"Which insect is known for building hives and producing honey?","The honeybee builds hives and makes honey."
animals,"Which mammal is known for its spiny back?","The hedgehog has a spiny back."
animals,"Which animal has the longest tongue relative to its size?","The chameleon has the longest tongue proportionally."
animals,"Which reptile can run across the surface of water?","The basilisk lizard can run across water."
animals,"Which mammal is known for digging burrows and living underground?","The mole is known for digging burrows."
animals,"Which animal has the strongest sense of smell?","The bloodhound has the strongest sense of smell."
animals,"Which fish is the largest predator in the ocean?","The great white shark is the largest predatory fish."
animals,"Which animal has black skin under its fur?","The polar bear has black skin beneath its fur."
animals,"Which bird is the heaviest flying species?","The kori bustard is the heaviest flying bird."
animals,"Which mammal is famous for producing milk?","All female mammals produce milk."
animals,"Which sea creature has the most arms?","The octopus has eight arms."
animals,"Which insect is known for glowing at night?","The firefly produces light at night."
animals,"Which animal is known as the king cobra’s prey?","The mongoose is known for hunting cobras."
animals,"Which bird is known for its elaborate tail feathers?","The peacock is known for its colorful tail feathers."
animals,"Which fish can inflate its body when threatened?","The pufferfish inflates to deter predators."
animals,"Which mammal is the only one native to Madagascar?","The lemur is native to Madagascar."
animals,"Which animal is the tallest mammal?","The giraffe is the tallest mammal."
animals,"Which insect is the most social with complex colonies?","The ant is highly social with colonies."
animals,"Which bird is known for building enormous nests?","The weaver bird builds large nests."
animals,"Which animal can hold its breath the longest underwater?","The sperm whale can hold its breath for over an hour."
animals,"Which mammal has the thickest fur?","The sea otter has the thickest fur of any mammal."
animals,"Which bird is known for its laughing call?","The kookaburra has a laughing call."
animals,"Which mammal uses a pouch for its premature young?","The kangaroo carries its young in a pouch."
animals,"Which animal can run on water using speed and light weight?","The basilisk lizard runs across water."
animals,"Which fish has a skeleton made of cartilage instead of bone?","Sharks have cartilage skeletons."
animals,"Which bird is known for its bright pink color from diet?","The flamingo is pink from its diet of shrimp and algae."
animals,"Which sea animal is known for having a spiral shell?","The nautilus has a spiral shell."
animals,"Which mammal has a horn made of keratin?","The rhinoceros has a horn made of keratin."
animals,"Which animal is the fastest marine mammal?","The orca is the fastest marine mammal."
animals,"Which mammal is famous for building complex societies and language-like calls?","Dolphins are famous for intelligence and societies."
animals,"Which animal is known for long migrations between land and sea?","The sea turtle migrates long distances."
animals,"Which insect is known for spreading diseases like dengue and Zika?","The mosquito spreads these diseases."
animals,"Which bird is famous for its intelligence and tool use?","The crow is famous for tool use and intelligence."
animals,"Which reptile is famous for its deadly venom and hood display?","The king cobra is famous for its venom and hood."
animals,"Which mammal uses echolocation besides bats?","Dolphins use echolocation in water."
animals,"Which animal produces ambergris used in perfume?","The sperm whale produces ambergris."
animals,"Which mammal is the largest carnivore on land?","The polar bear is the largest land carnivore."
animals,"Which animal is known for a pouch on its throat to store food?","The pelican uses its pouch for food."
animals,"Which insect is known for spreading sleeping sickness?","The tsetse fly spreads sleeping sickness."
animals,"Which animal can change color and has a long sticky tongue?","The chameleon can change color and use its tongue to catch prey."
animals,"Which mammal has a leathery shell and can dig quickly?","The armadillo has a protective shell and digs rapidly."
animals,"Which mammal is known for howling in packs?","The wolf is known for howling in packs."
animals,"Which sea creature has a body with radial symmetry and stings?","The jellyfish has radial symmetry and stings."
animals,"Which animal is known as the tallest terrestrial predator?","The spotted hyena is the tallest predator on land."
animals,"Which reptile is considered a living fossil?","The tuatara is a living fossil reptile."
animals,"Which animal uses echolocation to navigate dark caves?","The bat uses echolocation in caves."
animals,"Which mammal is known for black and white fur and eating bamboo?","The giant panda is famous for eating bamboo."
animals,"Which bird can rotate its head almost fully around?","The owl can rotate its head up to 270 degrees."
animals,"Which animal is known as the desert fox with large ears?","The fennec fox is the desert fox."
animals,"Which insect is known for being the deadliest animal to humans?","The mosquito is the deadliest animal to humans."
animals,"Which mammal is famous for mimicking human speech?","Parrots mimic speech, though mammals like dolphins mimic sounds too."
animals,"Which animal can live without water the longest?","The camel can live without water for long periods."
animals,"Which fish is known for having a flat body and both eyes on one side?","The flounder has both eyes on one side."
animals,"Which mammal is known as the only true flying mammal?","The bat is the only true flying mammal."
animals,"Which mammal is the slowest in metabolism and movement?","The sloth is the slowest mammal."
animals,"Which bird is the largest bird of prey?","The Andean condor is the largest bird of prey."
animals,"Which mammal has the highest blood pressure?","The giraffe has the highest blood pressure."
animals,"Which insect is responsible for pollinating chocolate plants?","The midge pollinates cacao plants."
animals,"Which fish can walk on land for short distances?","The mudskipper can walk on land."
animals,"Which mammal has the thickest skin?","The hippopotamus has the thickest skin."
animals,"Which animal produces silk other than silkworms?","Spiders also produce silk."
animals,"Which animal is known as the king of the Arctic?","The polar bear is called the king of the Arctic."
animals,"Which reptile is the fastest on land?","The spiny-tailed iguana is the fastest reptile."
animals,"Which mammal has tusks made of ivory?","The elephant has tusks made of ivory."
animals,"Which animal is known for carrying diseases like plague in history?","The rat spread diseases like plague."
animals,"Which insect is known for a hard shell and colorful patterns?","The beetle has a hard exoskeleton with patterns."
animals,"Which sea animal is known for filter feeding with baleen plates?","The blue whale filter-feeds with baleen."
animals,"Which bird is the tallest flying bird?","The sarus crane is the tallest flying bird."
animals,"Which mammal is famous for its black mask and ringed tail?","The raccoon has a mask-like face and ringed tail."
animals,"Which amphibian is the largest in the world?","The Chinese giant salamander is the largest amphibian."
animals,"Which mammal is the only one that can’t swim?","Most mammals can swim, but giraffes struggle the most."
animals,"Which sea creature has a hard shell and pincers?","The crab has a shell and pincers."
animals,"Which mammal is known for its antlers that are shed yearly?","The deer sheds its antlers each year."
animals,"Which reptile has a shell it can retract into?","The tortoise retracts into its shell."
animals,"Which fish is known for its ability to climb waterfalls?","The goby fish can climb waterfalls."
animals,"Which mammal is famous for its mane around the head?","The lion is famous for its mane."
animals,"Which insect is known for living in colonies ruled by a queen?","The bee colony is ruled by a queen."
animals,"Which mammal produces the loudest call on land?","The howler monkey produces the loudest land call."
animals,"Which bird is known for drumming sounds in trees?","The woodpecker makes drumming sounds in trees."
animals,"Which mammal has the best memory of any land animal?","The elephant is known for its excellent memory."
animals,"Which reptile can live both in water and on land?","The turtle can live in water and on land."
animals,"Which animal is known for having a blue tongue?","The blue-tongue skink has a distinctive blue tongue."
animals,"Which mammal is the heaviest land animal?","The African elephant is the heaviest land animal."
animals,"Which bird is famous for its ability to swim but not fly?","The penguin swims expertly but cannot fly."
animals,"Which fish is known for its shimmering scales that look like coins?","The koi fish is known for shimmering coin-like scales."
animals,"Which mammal is the smallest primate in the world?","The mouse lemur is the smallest primate."
animals,"Which animal is famous for its long neck and spotted coat?","The giraffe is famous for its long neck and spots."
animals,"Which sea animal has eight arms covered with suction cups?","The octopus has eight arms with suction cups."
animals,"Which mammal is known for its humped back used for fat storage?","The camel stores fat in its hump."
animals,"Which bird has the fastest wingbeat in the animal kingdom?","The hummingbird has the fastest wingbeat."
animals,"Which mammal is the largest species of dolphin?","The orca, or killer whale, is the largest dolphin."
animals,"Which reptile is known for its ability to live hundreds of years?","The Galápagos tortoise can live for more than a century."
animals,"Which amphibian is known for its ability to breathe through its skin?","The frog can breathe through its skin."
animals,"Which insect has colorful wings and undergoes metamorphosis?","The butterfly has colorful wings and metamorphosis."
animals,"Which mammal is known for having spines for protection?","The porcupine protects itself with spines."
animals,"Which bird is known for running incredibly fast across open plains?","The ostrich can run at very high speeds."
animals,"Which sea creature has no bones but a soft body?","The octopus has no bones and a soft body."
animals,"Which animal is the largest species of ape?","The eastern gorilla is the largest ape species."
animals,"Which insect is known for producing a chirping sound at night?","The cricket produces chirping sounds."
animals,"Which mammal has a nose shaped like a trunk?","The elephant’s nose forms a trunk."
animals,"Which bird is the national symbol of New Zealand?","The kiwi is the national symbol of New Zealand."
animals,"Which mammal has a thumb-like appendage used to strip bamboo?","The giant panda uses a special thumb-like bone for bamboo."
animals,"Which animal has the largest eyes of any living creature?","The giant squid has the largest eyes."
animals,"Which mammal is known for living in eucalyptus trees?","The koala lives in eucalyptus trees."
animals,"Which insect is famous for making loud buzzing sounds in summer?","The cicada makes loud buzzing calls."
animals,"Which animal is the only flightless bird native to South America?","The rhea is a large, flightless South American bird."
animals,"Which mammal is known for its ability to hibernate during winter?","The bear is known for hibernating in winter."
animals,"Which reptile is famous for living in both salt and fresh water?","The saltwater crocodile lives in both environments."
animals,"Which mammal is the only one covered in scales?","The pangolin is the only mammal with scales."
animals,"Which bird is known for its distinctively long curved bill?","The ibis has a long curved bill."
animals,"Which mammal is known as the tallest carnivore on Earth?","The polar bear is the tallest carnivorous mammal."
animals,"Which insect is recognized for its red wings with black spots?","The ladybug has red wings with black spots."
animals,"Which mammal has large antlers that grow and shed every year?","The moose grows and sheds its antlers annually."
animals,"Which fish can produce light in the deep ocean?","The anglerfish produces light with bioluminescence."
animals,"Which bird is famous for building nests that hang from trees?","The weaver bird builds hanging nests."
animals,"Which mammal is known for its loud roaring heard miles away?","The lion’s roar can be heard up to 5 miles away."
animals,"Which animal is the largest amphibian in North America?","The hellbender salamander is the largest North American amphibian."
animals,"Which insect is known for living inside human homes for food scraps?","The cockroach commonly lives inside human homes."
animals,"Which mammal is the only one that spends its whole life in trees?","The orangutan spends nearly all its life in trees."
animals,"Which bird is known for its high-pitched call echoing through forests?","The loon is known for its haunting call."
animals,"Why are elephants considered the largest land animals? How much can an adult elephant weigh?","Elephants are the largest land animals because of their massive size and strength. An adult African elephant can weigh up to 12,000 pounds."
animals,"What makes cheetahs the fastest land animals? How fast can they run?","Cheetahs are built for speed with lightweight bodies and long legs. They can sprint up to 70 miles per hour in short bursts."
animals,"Why are pandas considered endangered? What is their main food source?","Pandas are endangered due to habitat loss and low birth rates. Their diet mainly consists of bamboo, which limits their survival range."
animals,"What makes dolphins intelligent mammals? How do they communicate with each other?","Dolphins are intelligent because of their problem-solving skills and social behavior. They communicate using whistles, clicks, and body movements."
animals,"Why are giraffes unique among animals? How tall can they grow?","Giraffes are unique because of their long necks and spotted patterns. They can grow up to 18 feet tall, making them the tallest land animals."
animals,"What role do bees play in the ecosystem? Why are they important to humans?","Bees are vital pollinators for plants and crops. They help produce food humans eat, making them crucial for agriculture."
animals,"Why are wolves important to ecosystems? How do they affect prey populations?","Wolves are top predators that maintain balance in ecosystems. By hunting weak prey, they keep populations healthy and stable."
animals,"What makes the blue whale extraordinary? How big can it grow?","The blue whale is the largest animal to ever live on Earth. It can grow up to 100 feet long and weigh over 200 tons."
animals,"Why are owls called silent hunters? How do they catch prey so effectively?","Owls have special feathers that let them fly silently. Their sharp eyesight and hearing help them catch prey at night."
animals,"What makes kangaroos unique in movement? How fast can they hop?","Kangaroos move by hopping with their strong legs and tails for balance. They can hop up to 35 miles per hour."
animals,"Why are tigers considered apex predators? What habitats do they prefer?","Tigers are apex predators because they have no natural enemies. They prefer forests, grasslands, and wetlands as habitats."
animals,"What makes penguins different from most birds? How do they adapt to cold climates?","Penguins are birds that cannot fly but swim excellently. Their thick feathers and fat layers keep them warm in icy regions."
animals,"Why are lions called the kings of the jungle? How do they live in groups?","Lions are powerful predators with majestic manes, earning them the nickname. They live in prides, which are family groups led by females."
animals,"What makes octopuses highly intelligent? How do they defend themselves?","Octopuses can solve puzzles and use tools, showing intelligence. They defend themselves with camouflage and ink clouds."
animals,"Why are sloths so slow? How does their lifestyle help them survive?","Sloths move slowly to conserve energy and avoid detection by predators. Their slow lifestyle helps them blend into trees."
animals,"What makes eagles powerful birds? How sharp is their vision?","Eagles are powerful because of their strong wings and talons. Their eyesight is about four times sharper than human vision."
animals,"Why are sea turtles endangered? What threats do they face?","Sea turtles are endangered because of habitat loss and poaching. They also face threats from plastic pollution and fishing nets."
animals,"What makes bats unique mammals? How do they help ecosystems?","Bats are unique because they are the only mammals capable of true flight. They help by pollinating plants and controlling insect populations."
animals,"Why are rhinoceroses hunted? What makes them vulnerable?","Rhinoceroses are hunted for their horns, which are wrongly believed to have medicinal value. Their slow reproduction rates make them especially vulnerable."
animals,"What makes horses important to human history? How have they helped civilizations?","Horses have been crucial for transport, farming, and warfare. They helped shape civilizations by enabling trade and travel."
animals,"Why are sharks feared predators? How many teeth can they have?","Sharks are feared because of their sharp teeth and hunting skills. Some species can have up to 3,000 teeth in multiple rows."
animals,"What makes ants successful insects? How do they live in colonies?","Ants are successful because of teamwork and adaptability. They live in colonies with roles like workers, soldiers, and queens."
animals,"Why are zebras covered in stripes? How do stripes help them survive?","Zebra stripes confuse predators and may also repel insects. This camouflage helps them survive in the wild."
animals,"What makes chimpanzees similar to humans? How much DNA do we share?","Chimpanzees are close relatives to humans with complex social behaviors. We share about 98–99% of our DNA with them."
animals,"Why are hippos dangerous animals? How do they spend their days?","Hippos are dangerous due to their size, strength, and aggression. They spend most of their days in water to stay cool."
animals,"What makes parrots special birds? How do they mimic sounds?","Parrots are known for their bright feathers and intelligence. They mimic sounds by controlling their vocal organs with precision."
animals,"Why are crocodiles ancient reptiles? How long have they existed?","Crocodiles have barely changed for millions of years. They have existed since the time of the dinosaurs."
animals,"What makes camels desert survivors? How do they store water?","Camels can survive long without water by storing fat in their humps. This fat can be converted into energy and hydration."
animals,"Why are polar bears strong swimmers? How do they hunt in icy waters?","Polar bears have powerful limbs and thick fur. They hunt seals by waiting near breathing holes in the ice."
animals,"What makes peacocks so beautiful? Why do males have long feathers?","Peacocks have bright, iridescent feathers that attract attention. Males display their long tails to impress females during mating season."
animals,"Why are gorillas gentle giants? How do they live in groups?","Gorillas are large but mostly peaceful herbivores. They live in groups called troops led by a dominant silverback male."
animals,"What makes hummingbirds unique? How fast can they flap their wings?","Hummingbirds are tiny birds that can hover in mid-air. Their wings can flap up to 80 times per second."
animals,"Why are leopards skilled hunters? How do they protect their prey?","Leopards are stealthy predators that stalk quietly before attacking. They often drag prey into trees to keep it safe from scavengers."
animals,"What makes manatees gentle creatures? Where do they live?","Manatees are peaceful, slow-moving sea mammals. They live in warm coastal waters, rivers, and springs."
animals,"Why are kangaroo joeys carried in pouches? How long do they stay there?","Joeys are carried in pouches for protection and feeding. They stay there for about six to eight months."
animals,"What makes bees able to produce honey? How do they store it?","Bees collect nectar from flowers and transform it into honey. They store it in honeycombs to feed their colony."
animals,"Why are flamingos pink? What gives them their color?","Flamingos are pink because of the food they eat. Their diet of shrimp and algae contains pigments that color their feathers."
animals,"What makes wolves communicate effectively? How do they use howls?","Wolves howl to communicate with their pack across long distances. They also use body language and scent marking."
animals,"Why are dolphins playful animals? How do they interact with humans?","Dolphins are playful because they enjoy social behavior. They often ride waves and interact with boats and swimmers."
animals,"What makes koalas tree dwellers? What do they eat?","Koalas spend most of their lives in eucalyptus trees. Their diet consists almost entirely of eucalyptus leaves."
animals,"Why are crocodiles ambush hunters? How do they catch prey?","Crocodiles hide in water and wait for prey to approach. They strike quickly with powerful jaws to capture their food."
animals,"What makes owls nocturnal hunters? How do their eyes help them?","Owls are active at night and rely on vision. Their large eyes allow them to see well in low light."
animals,"Why are sloths covered in algae? How does this help them?","Sloths’ fur grows algae because of humidity. This provides camouflage and helps them blend with trees."
animals,"What makes penguins skilled swimmers? How do they move underwater?","Penguins use their wings like flippers to swim. They can dive and glide swiftly to catch fish."
animals,"Why are elephants social animals? How do they show care?","Elephants live in herds led by females. They show care by protecting calves and comforting each other."
animals,"What makes cheetahs different from leopards? How can you tell them apart?","Cheetahs have slender bodies and black tear marks on their faces. Leopards are stockier with rosette-shaped spots."
animals,"Why are whales important to oceans? How do they affect ecosystems?","Whales contribute nutrients through their waste, supporting plankton. This process helps regulate marine ecosystems and carbon cycles."
animals,"What makes frogs unique amphibians? How do they live in two worlds?","Frogs can live both in water and on land. They start as tadpoles in water and later grow into adults that breathe air."
animals,"Why are ants strong compared to their size? How much can they carry?","Ants are incredibly strong for their body size. Some can carry objects up to 50 times their weight."
animals,"Why are cheetah populations declining? What threats do they face?","Cheetahs are declining due to habitat loss and poaching. They also face threats from human conflict and declining prey."
animals,"What makes parrots long-lived birds? How long can some species survive?","Parrots live long lives due to their strong health and diet. Some species can live up to 80 years in captivity."
animals,"Why are wolves symbols of teamwork? How do they hunt?","Wolves work together in packs to hunt larger prey. Their teamwork allows them to take down animals much bigger than themselves."
animals,"What makes whales communicate across long distances? How do they use sound?","Whales use low-frequency sounds that travel far underwater. These sounds help them communicate and navigate the oceans."
animals,"Why are pandas slow breeders? What challenges does this cause?","Pandas have short breeding windows and give birth to very few cubs. This makes it difficult for populations to recover."
animals,"What makes eagles symbols of strength? How do they hunt?","Eagles are strong birds of prey with sharp talons. They swoop down quickly to catch fish or small animals."
animals,"Why are sharks important for oceans? How do they maintain balance?","Sharks control populations of smaller fish. This balance keeps marine ecosystems healthy."
animals,"What makes dolphins social animals? How do they live together?","Dolphins live in groups called pods. They work together to hunt and protect each other."
animals,"Why are rhinos called megafauna? How much do they weigh?","Rhinos are massive land mammals with thick skin. Some species can weigh over 5,000 pounds."
animals,"What makes ants farmers of the insect world? How do they grow food?","Some ant species farm fungi underground. They carefully grow and harvest it as their main food source."
animals,"Why are giraffes’ tongues so long? How do they use them?","Giraffes have tongues up to 20 inches long. They use them to grab leaves from tall trees."
animals,"What makes wolves loyal to their packs? How do they show it?","Wolves stay with their packs for life. They show loyalty by protecting and sharing food with each other."
animals,"Why are flamingos social birds? How do they live together?","Flamingos live in large colonies for safety. Their group lifestyle helps them find food and protect against predators."
animals,"What makes polar bears dependent on sea ice? How do they hunt there?","Polar bears use sea ice as platforms to hunt seals. Without ice, it is harder for them to find food."
animals,"Why are kangaroos native only to Australia? What makes them unique there?","Kangaroos evolved in Australia’s landscapes. They are unique because no other continent has such large hopping mammals."
animals,"What makes honeybees able to dance? How do they use it?","Honeybees perform a waggle dance to share food locations. This helps the hive find nectar efficiently."
animals,"Why are crocodiles called living fossils? How old is their lineage?","Crocodiles have changed little over millions of years. Their lineage dates back to the time of dinosaurs."
animals,"What makes owls rotate their heads so far? How far can they turn?","Owls have flexible necks with extra vertebrae. They can rotate their heads up to 270 degrees."
animals,"Why are elephants known for memory? How does it help them?","Elephants remember places and individuals for many years. This helps them find water and recognize threats."
animals,"What makes penguins loyal partners? How do they raise chicks?","Many penguin species mate for life with one partner. Both parents take turns caring for the eggs and chicks."
animals,"Why are lions the only social big cats? How do prides work?","Lions live in prides led by females. They hunt together and protect their cubs as a group."
animals,"What makes snakes shed their skin? How often do they do it?","Snakes shed skin to grow and remove parasites. Young snakes shed more often than older ones."
animals,"Why are gorillas endangered? What threats do they face?","Gorillas are endangered due to poaching and deforestation. Diseases also threaten their survival."
animals,"What makes sloths excellent swimmers? How do they move in water?","Sloths are surprisingly good swimmers. They move by paddling with their long arms."
animals,"Why are bats active at night? How do they find food?","Bats hunt at night to avoid predators. They use echolocation to find insects in the dark."
animals,"What makes whales migrate long distances? Why do they travel?","Whales migrate to breed in warm waters and feed in cold seas. These long journeys are vital for survival."
animals,"Why are zebras important to the savanna? How do they help ecosystems?","Zebras graze on grasses that grow quickly. This opens space for other animals to feed."
animals,"What makes eagles top predators? How do they protect nests?","Eagles guard their nests high in cliffs or trees. Their sharp talons and beaks scare away intruders."
animals,"Why are cheetahs built for speed? What adaptations help them?","Cheetahs have lightweight bodies and large lungs. These features allow them to sprint faster than any land animal."
animals,"What makes jellyfish ancient creatures? How long have they existed?","Jellyfish have existed for over 500 million years. They are among the oldest animals on Earth."
animals,"Why are parrots colorful? What purpose do their feathers serve?","Parrots’ bright feathers attract mates. Their colors also help them blend into tropical forests."
animals,"What makes wolves important in myths? How are they seen by humans?","Wolves appear in stories as symbols of strength and danger. Different cultures view them with fear or respect."
animals,"Why are penguins grouped by species? How do they differ?","There are about 18 species of penguins. They differ in size, color, and habitats."
animals,"What makes dolphins playful? How do they use play?","Dolphins play with seaweed, waves, and even other animals. Play helps them learn and bond with their pods."
animals,"Why are rhinos protective mothers? How do they raise calves?","Rhino mothers care for calves for years. They guard them fiercely from predators."
animals,"What makes elephants communicate through vibrations? How does it work?","Elephants use low-frequency sounds that travel through the ground. Other elephants sense these vibrations with their feet."
animals,"Why are lions powerful hunters? How do females contribute?","Lionesses do most of the hunting in prides. Their teamwork helps bring down large prey."
animals,"What makes frogs sensitive to pollution? How are they indicators?","Frogs have thin skin that absorbs toxins. Their health shows the quality of the environment."
animals,"Why are giraffes peaceful animals? How do they avoid fights?","Giraffes rarely fight unless necessary. They use their height to watch for predators instead."
animals,"What makes whales important for climate? How do they store carbon?","Whales absorb carbon in their bodies. When they die, this carbon sinks to the ocean floor."
animals,"Why are ants organized? How do colonies function?","Ant colonies work with clear roles for each member. This organization makes them efficient and resilient."
animals,"What makes wolves adaptable? Where can they live?","Wolves adapt to forests, tundras, and grasslands. They survive in many environments around the world."
animals,"Why are sea turtles long-distance travelers? Where do they go?","Sea turtles migrate thousands of miles to nest. They often return to the same beach where they hatched."
animals,"What makes gorillas strong? How powerful are they?","Gorillas are incredibly muscular primates. They can lift more than ten times their body weight."
animals,"Why are camels patient travelers? How far can they walk?","Camels can walk for days without water. Their endurance makes them perfect for deserts."
animals,"What makes hummingbirds fast feeders? How do they drink nectar?","Hummingbirds use long beaks and tongues to sip nectar. They feed quickly while hovering near flowers."
animals,"Why are crocodiles excellent hunters? How do they ambush prey?","Crocodiles wait silently in water for prey to approach. They strike with powerful jaws in an instant."
animals,"What makes wolves symbols of wilderness? How do they shape nature?","Wolves regulate prey populations in the wild. This makes them symbols of untamed ecosystems."
animals,"Why are leopards solitary? How do they live alone?","Leopards prefer to hunt and roam alone. They mark territories to avoid other leopards."
animals,"What makes elephants use trunks? How many functions do trunks have?","Elephant trunks are used for drinking, eating, and smelling. They also serve as tools and weapons."
animals,"Why are flamingos graceful? How do they feed?","Flamingos filter food from water with their beaks. Their long legs let them wade gracefully in shallow lakes."
animals,"What makes bees tireless workers? How do they keep hives alive?","Bees gather nectar and pollen all day. Their work keeps the hive strong and productive."
animals,"Why are dolphins known for teamwork? How do they hunt together?","Dolphins circle schools of fish to trap them. They share food after the hunt."
animals,"What makes rhinos solitary animals? How do they interact?","Rhinos prefer to live alone except during mating. They use scent to mark territories and communicate."
animals,"Why are gorillas gentle leaders? How do silverbacks guide?","Silverback males lead by protecting and guiding the troop. They rarely fight unless threatened."
animals,"What makes whales giants of the sea? How large are they?","Whales are the biggest animals alive today. Blue whales can reach lengths over 100 feet."
animals,"Why are sloths tree dwellers? How do they survive in treetops?","Sloths live in trees for food and safety. Their claws help them hang from branches."
animals,"What makes eagles patient hunters? How do they catch fish?","Eagles wait and watch from high perches. They swoop down quickly to grab fish with their talons."
animals,"Why are penguins expert divers? How deep can they go?","Penguins dive to hunt for fish and krill. Some species can dive over 500 meters deep."
animals,"What makes wolves vocal animals? How do they use howling?","Wolves howl to communicate over long distances. It helps keep their packs together."
animals,"Why are giraffes vulnerable to predators? How do they defend themselves?","Giraffes are targets for lions and hyenas. They defend themselves with powerful kicks."
animals,"What makes dolphins acrobatic? Why do they leap?","Dolphins leap to communicate and play. Sometimes they leap to scan the water or remove parasites."
animals,"Why are tigers solitary hunters? How do they stalk prey?","Tigers hunt alone to avoid competition. They stalk quietly before launching a surprise attack."
animals,"What makes whales graceful swimmers? How do they move?","Whales move with strong tail flukes. Their streamlined bodies let them glide smoothly through water."
animals,"Why are ants global survivors? How many species exist?","Ants live almost everywhere on Earth. Scientists have identified over 12,000 species."
animals,"What makes frogs good jumpers? How far can they leap?","Frogs have strong back legs for leaping. Some can jump more than 20 times their body length."
animals,"Why are gorillas intelligent? How do they use tools?","Gorillas can learn and use simple tools. They sometimes use sticks to test water depth."
animals,"What makes rhinos armored? How does their skin help?","Rhinos have thick, protective skin. It shields them from bites and injuries."
animals,"Why are elephants emotional animals? How do they mourn?","Elephants show grief when herd members die. They may touch bones and stay near the body."
animals,"What makes cheetahs vulnerable? Why do they lose food?","Cheetahs are fast but not very strong. Larger predators often steal their kills."
animals,"Why are parrots talkative? How do they mimic?","Parrots imitate sounds from their environment. They mimic human speech with their vocal organs."
animals,"What makes whales migrate yearly? What seasons guide them?","Whales move with the seasons for food and breeding. They travel thousands of miles between regions."
animals,"Why are wolves hunters of teamwork? How do they plan?","Wolves work together to chase and trap prey. Their strategy increases their hunting success."
animals,"What makes penguins resilient? How do they survive cold?","Penguins huddle together for warmth. Their thick feathers protect them from freezing waters."
animals,"Why are camels adapted to deserts? How do they cope?","Camels store fat in humps for energy. They also conserve water efficiently."
animals,"What makes flamingos filter feeders? How do they eat?","Flamingos strain food through their beaks. They eat shrimp, algae, and other small organisms."
animals,"Why are gorillas shy despite size? How do they react?","Gorillas usually avoid conflict with humans. They prefer calm environments and peaceful lives."
animals,"What makes bees vital to food supply? How much do they pollinate?","Bees pollinate around 75% of food crops. Without them, food systems would collapse."
animals,"Why are tigers striped? How do stripes help?","Tigers’ stripes camouflage them in forests. This helps them stalk prey unnoticed."
animals,"What makes sloths algae-covered? How does it help?","Sloths’ fur hosts algae for camouflage. It makes them blend into green trees."
animals,"Why are dolphins playful hunters? How do they train calves?","Dolphins teach young to hunt by playing. This prepares calves for survival."
animals,"What makes elephants matriarchal? Who leads herds?","Elephant herds are led by older females. Matriarchs guide families to food and water."
animals,"Why are wolves endurance hunters? How long do they chase?","Wolves chase prey for miles until it tires. Their stamina makes them effective hunters."
animals,"What makes whales essential for oceans? How do they cycle nutrients?","Whales spread nutrients when they surface and dive. This supports plankton growth and ocean health."
animals,"Why are rhinos territorial? How do they mark land?","Rhinos mark territories with dung and urine. This warns others to stay away."
animals,"What makes parrots intelligent? How do they solve problems?","Parrots can solve puzzles and learn tasks. Their brains are advanced among birds."
animals,"Why are giraffes spotted? How do patterns help?","Each giraffe’s spots are unique. They provide camouflage in woodlands."
animals,"What makes lions roar? How far can it travel?","Lions roar to mark territory and warn rivals. Their roar can be heard up to five miles away."
animals,"Why are ants successful builders? How do they make nests?","Ants dig tunnels and chambers underground. These nests house large colonies efficiently."
animals,"Which animal is known as the fastest on land? It can sprint across the savanna in short bursts. Its speed allows it to catch prey with incredible efficiency.","The cheetah is the fastest land animal, reaching up to 70 mph."
animals,"Which mammal is the only one capable of true flight? It hunts insects at night with remarkable agility. It also uses echolocation to navigate in the dark.","The bat is the only mammal capable of true flight."
animals,"What is the largest animal ever known to live on Earth? It inhabits the oceans and feeds primarily on tiny shrimp-like creatures. Its size surpasses even the largest dinosaurs.","The blue whale is the largest animal ever known."
animals,"Which bird is famous for mimicking human voices? It can also copy sounds from its surroundings. This ability makes it popular as a pet.","The parrot is famous for mimicking human voices and sounds."
animals,"Which animal is called the ship of the desert? It can survive for long periods without water. Its hump stores fat that provides energy.","The camel is known as the ship of the desert."
animals,"Which mammal is known for spending nearly its entire life upside down? It moves slowly through the trees in Central and South America. It even sleeps while hanging from branches.","The sloth spends nearly all of its life upside down."
animals,"Which reptile is considered a living fossil? It has changed very little over millions of years. Its closest relatives have long gone extinct.","The tuatara of New Zealand is considered a living fossil."
animals,"What animal uses its long sticky tongue to catch insects? It can blend into its surroundings by changing color. Its eyes can move independently of each other.","The chameleon uses its long tongue and camouflage skills to hunt insects."
animals,"Which mammal is known for its trunk, a versatile organ used for many tasks? It uses it to drink, grab food, and communicate. It is also one of the most intelligent land animals.","The elephant is famous for its trunk and intelligence."
animals,"Which sea animal has three hearts and blue blood? It is also a master of disguise. Its intelligence rivals that of many mammals.","The octopus has three hearts, blue blood, and remarkable intelligence."
animals,"Which mammal has the longest gestation period? The pregnancy can last nearly two years. This ensures the baby is large and strong at birth.","The African elephant has the longest gestation period at about 22 months."
animals,"Which fish is known for its deadly toxin? When threatened, it inflates its body. Its poison can be lethal to humans.","The pufferfish can inflate its body and has a deadly toxin."
animals,"Which bird is the fastest in a dive? It can reach speeds faster than a car on the highway. It hunts other birds midair with precision.","The peregrine falcon is the fastest diving bird."
animals,"Which animal is famous for laughing-like calls? These sounds can be heard across the African savanna. They are actually signals to members of their group.","The hyena is famous for its laughing-like calls."
animals,"Which mammal has fingerprints almost identical to humans? They are so similar they can confuse forensic experts. This makes them unique among animals.","Koalas have fingerprints nearly identical to humans."
animals,"Which sea animal is known for its stinging tentacles? They float through the oceans like umbrellas. Some species can be deadly to humans.","The jellyfish uses its stinging tentacles to catch prey and defend itself."
animals,"Which reptile has existed since the time of the dinosaurs? It is one of the most dangerous predators in rivers. Its powerful jaws can snap shut with immense force.","The crocodile has existed since dinosaur times and is a powerful predator."
animals,"Which animal can regrow lost arms or legs? If one limb is cut off, a new one eventually grows back. This makes it one of the most resilient creatures.","The starfish can regrow its lost arms."
animals,"Which bird is the national symbol of the United States? It is admired for its strength and beauty. It is also a powerful predator.","The bald eagle is the national bird of the United States."
animals,"Which mammal can store food in cheek pouches? It collects seeds and nuts to eat later. This habit makes it well prepared for winter.","The chipmunk uses cheek pouches to store food."
animals,"Which amphibian secretes toxins from its skin? Its bright colors warn predators of danger. Indigenous people once used these toxins on hunting darts.","The poison dart frog secretes deadly toxins from its skin."
animals,"Which mammal is the only marsupial in North America? It carries its young in a pouch. It is also known for playing dead when threatened.","The Virginia opossum is the only marsupial in North America."
animals,"Which bird is the heaviest capable of flight? It uses powerful wings to lift off. It often spends time walking on the ground searching for food.","The kori bustard is the heaviest bird capable of flight."
animals,"Which insect is the primary pollinator of crops? Without it, many fruits and vegetables would not grow. Its population is vital to ecosystems worldwide.","The honeybee is the most important pollinator."
animals,"Which mammal is known as man’s best friend? It has been domesticated for thousands of years. It is loyal and protective of its human companions.","The dog is called man’s best friend."
animals,"Which reptile has a tongue longer than its body? It uses it to catch insects with incredible speed. It is also famous for its color-changing ability.","The chameleon has a tongue longer than its body."
animals,"Which mammal has the thickest fur of any species? This fur keeps it warm in cold waters. It also uses tools to crack open shellfish.","The sea otter has the thickest fur and uses tools."
animals,"Which mammal is known for being the largest primate? It lives in the forests of Africa. It forms social groups led by dominant males.","The gorilla is the largest primate."
animals,"Which animal is famous for carrying its home on its back? It can retreat into this structure for safety. Its slow pace is well known.","The turtle carries its home as a shell."
animals,"Which sea animal is capable of changing its color rapidly? This ability helps it hide or communicate. It is related to squids and octopuses.","The cuttlefish can change color rapidly."
animals,"Which bird is known for its bright pink color? Its unusual hue comes from its diet. It is often seen standing on one leg.","The flamingo is pink because of its diet of shrimp and algae."
animals,"Which mammal is the largest carnivore on land? It lives in Arctic regions. Its thick fur and fat layers protect it from the cold.","The polar bear is the largest land carnivore."
animals,"Which insect glows at night? Its light attracts mates. This glow is created through a chemical reaction.","The firefly produces light at night."
animals,"Which mammal is known for its long migrations across Africa? It travels in huge herds. These journeys are among the greatest spectacles of nature.","The wildebeest migrates across Africa in massive groups."
animals,"Which bird is unable to fly but is a skilled swimmer? It lives in icy regions. It huddles together for warmth during cold winters.","The penguin cannot fly but is an excellent swimmer."
animals,"Which fish can generate electricity to shock its prey? This ability also helps it navigate. It lives in rivers of South America.","The electric eel generates electricity to shock prey."
animals,"Which mammal is known for digging tunnels underground? It has small eyes and powerful claws. It spends most of its life in the dark.","The mole is known for digging tunnels underground."
animals,"Which reptile has a protective shell it can withdraw into? This makes it safe from predators. It is also one of the longest-living animals.","The tortoise has a protective shell and long lifespan."
animals,"Which bird is known for drumming sounds on trees? It does this to find insects. It also uses the sound to mark territory.","The woodpecker makes drumming sounds on trees."
animals,"Which mammal is famous for its black and white fur? It eats mainly bamboo. It is a symbol of conservation efforts.","The giant panda is famous for its black and white fur."
animals,"Which fish can leap spectacularly out of the water? It sometimes lands in boats accidentally. Its silvery body shines in the sun.","The Asian carp is known for leaping out of the water."
animals,"Which mammal has a horn made of keratin? It uses it for defense. Sadly, it is often hunted illegally.","The rhinoceros has a horn made of keratin."
animals,"Which bird has a wingspan longer than most cars? It soars for hours without flapping. It is known for its long ocean journeys.","The wandering albatross has the longest wingspan."
animals,"Which mammal produces ambergris, used in perfumes? It is a massive marine predator. It dives deep into the ocean for food.","The sperm whale produces ambergris used in perfumes."
animals,"Which reptile is known for basking on rocks to warm its body? It cannot regulate heat internally. Its cold-blooded nature requires the sun.","The lizard basks on rocks to regulate body temperature."
animals,"Which mammal has large antlers that are shed each year? They can grow impressively wide. Males use them to compete for mates.","The moose has large antlers shed annually."
animals,"Which bird has a haunting call across lakes? Its sound is often associated with wilderness. It is a strong diver and swimmer.","The loon is famous for its haunting call."
animals,"Which insect is known for spreading diseases like malaria? It feeds on blood. Its bite can be deadly in tropical regions.","The mosquito spreads malaria and other diseases."
animals,"Which sea animal has a spiral shell? It uses it for protection. Its design is often studied in mathematics.","The nautilus has a spiral shell."
animals,"Which mammal is known for roaring loudly across the savanna? Its roar establishes territory. It is also a symbol of strength.","The lion roars to establish territory and dominance."
animals,"Which bird is famous for its colorful tail feathers? Males display them to attract mates. The feathers shimmer in the sunlight.","The peacock is famous for its colorful tail feathers."
animals,"Which fish has both eyes on one side of its body? It lies flat on the seafloor. Its camouflage helps it ambush prey.","The flounder has both eyes on one side."
animals,"Which reptile is famous for its deadly venom? It spreads its hood when threatened. It can even spit venom into eyes.","The king cobra is famous for its deadly venom."
animals,"Which mammal is the smallest bat and also the smallest mammal? It weighs less than a coin. It can fit into a human thumb.","The bumblebee bat is the smallest mammal."
animals,"Which bird is known for traveling the longest migration distance? It flies from pole to pole each year. This journey covers thousands of miles.","The Arctic tern makes the longest migration of any bird."
animals,"Which mammal is known for its playful nature in the sea? It leaps and spins above the waves. It is also highly intelligent.","The dolphin is playful and intelligent in the sea."
animals,"Which amphibian is the largest in the world? It can grow over a meter long. It lives in rivers and streams of Asia.","The Chinese giant salamander is the largest amphibian."
animals,"Which mammal cannot jump at all? Its weight makes leaping impossible. However, it is still powerful and fast.","The elephant is the only mammal that cannot jump."
animals,"Which insect produces silk used by humans? Its cocoons are harvested for fabric. This practice has existed for centuries.","The silkworm produces silk used in textiles."
animals,"Which sea animal has a mouth shaped like a beak? It uses it to crack open shells. It is highly intelligent and playful.","The dolphin has a beak-like mouth and intelligence."
animals,"Which mammal is famous for its memory? It remembers locations and social bonds for years. This helps it survive in difficult environments.","The elephant is known for its excellent memory."
animals,"Which fish is the top predator of the ocean? It is feared for its sharp teeth. It often appears in films about danger.","The great white shark is the top predator in the ocean."
animals,"Which bird is known for laughing-like calls in Australia? Its sound resembles human laughter. It is also part of local folklore.","The kookaburra makes laughing-like calls."
animals,"Which mammal carries its young in a pouch? This helps the babies survive when born tiny and undeveloped. It hops on strong hind legs.","The kangaroo carries its young in a pouch."
animals,"Which sea animal produces light in the deep ocean? It uses this glow to attract prey. The effect is eerie in the darkness.","The anglerfish produces light with bioluminescence."
animals,"Which insect is known for working tirelessly in colonies? It cooperates to build nests and find food. It can lift many times its own weight.","The ant is known for its hardworking colonies."
animals,"Which mammal is famous for its ringed tail and clever nature? It often scavenges human garbage. Its black mask makes it look mischievous.","The raccoon is famous for its ringed tail and mask."
animals,"Which reptile is the largest species alive today? It can grow longer than a car. It dominates rivers and coastlines.","The saltwater crocodile is the largest reptile today."
animals,"Which bird is flightless and native to New Zealand? It is small and nocturnal. Its long beak helps it find insects.","The kiwi is a flightless bird from New Zealand."
animals,"Which mammal howls to communicate with its pack? Its calls echo through forests. It is a skilled hunter.","The wolf howls to communicate with its pack."
animals,"Which mammal lives only on Madagascar and nowhere else? It has large eyes for night vision. It is an endangered species.","The lemur is found only on Madagascar."
animals,"Which bird is famous for its strong sense of direction? It can return home over hundreds of miles. Humans once used it to carry messages.","The homing pigeon is famous for navigation."
animals,"Which mammal spends most of its life in water but must breathe air? It comes to the surface regularly. It can dive for long periods.","The whale lives in water but breathes air."
animals,"Which reptile can run across the surface of water? This ability has earned it a nickname. It uses speed and light weight to stay above water.","The basilisk lizard is called the Jesus lizard because it runs on water."
animals,"Which bird is a universal symbol of peace? Its image appears in many cultures. It is gentle and graceful.","The dove is a universal symbol of peace."
animals,"Which mammal has a nose so sensitive it can track scents miles away? It is often used by humans in search and rescue. It has one of the strongest senses of smell.","The bloodhound has one of the strongest senses of smell."
animals,"Which sea animal is known for building coral reefs? These structures shelter countless species. They are vital to marine ecosystems.","Coral animals build coral reefs in the ocean."
animals,"Which mammal is the only one with a shell covering its back? It can curl into a ball for defense. Its scales are made of keratin.","The armadillo is the only mammal with a shell-like covering."
animals,"Which bird is famous for delivering babies in folklore? Its long legs and beak make it distinctive. People once believed it brought good luck.","The stork is associated with delivering babies in folklore."
animals,"Which mammal is the largest species of dolphin? It is black and white in color. It is also called the killer whale.","The orca is the largest dolphin species."
animals,"Which reptile is known for shedding its skin regularly? This allows it to grow. It often hides during this vulnerable time.","The snake sheds its skin to grow."
animals,"Which mammal is known for its strong social bonds? It often lives in troops. Grooming is an important behavior.","The monkey is known for social bonds and grooming."
animals,"Which fish can walk short distances on land? It uses its fins for support. It lives in muddy coastal areas.","The mudskipper can walk on land for short distances."
animals,"Which bird is the tallest in the world? It is also the heaviest. It cannot fly but can run at great speeds.","The ostrich is the tallest and heaviest bird."
animals,"Which mammal is the only one native to Antarctica? It survives in extreme cold. It feeds on fish and krill.","The seal is the only native mammal of Antarctica."
animals,"Which sea animal can squirt ink to confuse predators? It uses this as a defense mechanism. It then quickly escapes.","The squid squirts ink to escape predators."
animals,"Which mammal has sharp quills for protection? Predators avoid attacking it. The quills detach easily.","The porcupine uses quills for protection."
animals,"Which insect is the deadliest animal to humans worldwide? It spreads diseases through its bite. Millions of deaths are linked to it.","The mosquito is the deadliest animal to humans."
type,question,oracle_response
animals,"Which mammal is famous for gliding through the air using skin flaps? It cannot truly fly but soars between trees. This ability helps it escape predators.","The flying squirrel glides using skin flaps between its limbs."
animals,"Which bird is known for building elaborate bowers decorated with objects? The males collect colorful items to impress females. These displays are crucial for mating success.","The bowerbird builds decorated bowers to attract mates."
animals,"Which reptile has the ability to regrow its tail after losing it? This adaptation helps it escape predators. The new tail is usually different in color or shape.","Many lizards can regrow their tails after losing them."
animals,"Which mammal has long tusks made of ivory? These tusks can be used for digging, defense, and display. Unfortunately, they also make the animal a target for poachers.","The elephant has tusks made of ivory."
animals,"Which fish has the ability to change from female to male during its life? This change happens within social groups. It ensures reproduction continues when males are scarce.","Clownfish can change from female to male."
animals,"Which bird is known for its ability to recognize itself in a mirror? This shows advanced intelligence. Few animals possess such self-awareness.","The magpie can recognize itself in a mirror."
animals,"Which mammal uses echolocation underwater to find food? It emits clicks that bounce back from objects. This allows it to hunt even in darkness.","The dolphin uses echolocation to navigate and hunt."
animals,"Which amphibian can survive being frozen solid in winter? Its heart stops beating until spring. When thawed, it continues living normally.","The wood frog can survive being frozen solid."
animals,"Which reptile is considered the largest snake in the world by weight? It is a powerful constrictor found in South America. It spends much of its life in swamps and rivers.","The green anaconda is the heaviest snake in the world."
animals,"Which mammal is able to echolocate while flying at night? This helps it hunt insects in complete darkness. It also roosts during the day.","The bat uses echolocation to fly and hunt at night."
animals,"Which bird is the national symbol of India? Its colorful feathers are displayed during courtship dances. Its beauty has made it a cultural icon.","The peacock is the national bird of India."
animals,"Which mammal spends most of its time in water but can also move on land? It is known for its wide mouth and large teeth. It is one of Africa’s most dangerous animals.","The hippopotamus spends much of its time in water."
animals,"Which fish is capable of producing a strong electric shock? It uses this ability to stun prey and defend itself. Its power can reach hundreds of volts.","The electric eel can generate powerful shocks."
animals,"Which insect has existed for over 300 million years? Its body design has changed very little over time. It is considered a living fossil.","The cockroach has existed for more than 300 million years."
animals,"Which bird can sleep while flying long distances? This helps it survive lengthy migrations. It often spends months over the ocean without landing.","The frigatebird can sleep while flying."
animals,"Which mammal is famous for its massive tusks and ability to haul out on ice? It feeds on shellfish on the seafloor. Its whiskers help it locate food.","The walrus is famous for its tusks and whiskers."
animals,"Which sea animal is known for creating coral reefs? These reefs support a huge variety of marine life. They are some of the most important ecosystems on Earth.","Coral polyps build coral reefs in the ocean."
animals,"Which bird can imitate chainsaws, car alarms, and other human noises? Its vocal range is extraordinary. This makes it one of the best mimics in nature.","The lyrebird can imitate many human-made sounds."
animals,"Which mammal is known for its loud howls that carry across miles? These sounds establish territory. They are especially loud at dawn and dusk.","The howler monkey is known for its loud calls."
animals,"Which reptile can live over 150 years in captivity? Its slow metabolism contributes to its longevity. Some individuals have become national treasures.","The Galápagos tortoise can live for over 150 years."
animals,"Which mammal is known for producing large amounts of milk for its calf? This milk is rich in fat and nutrients. It ensures the calf grows quickly.","The whale produces rich milk for its young."
animals,"Which fish is known as the fastest swimmer in the ocean? Its streamlined body reduces drag. It can reach speeds of over 60 miles per hour.","The sailfish is the fastest swimmer in the ocean."
animals,"Which insect creates organized colonies with a queen, workers, and soldiers? Their society is highly structured. They are known for strength and cooperation.","Ants create highly organized colonies."
animals,"Which bird migrates from the Arctic to Antarctica every year? This journey covers tens of thousands of miles. It experiences two summers each year.","The Arctic tern migrates from the Arctic to Antarctica annually."
animals,"Which mammal is famous for using tools to open shells? It often floats on its back while eating. It also has extremely dense fur.","The sea otter uses tools and has dense fur."
animals,"Which reptile has a detachable jaw to swallow large prey? This allows it to eat animals much larger than its head. It is a feared predator worldwide.","The snake can unhinge its jaw to swallow prey."
animals,"Which mammal has the largest brain of any species? Its intelligence includes problem-solving and communication. It also makes deep ocean dives.","The sperm whale has the largest brain."
animals,"Which bird is known for its excellent memory in storing seeds? It hides thousands of seeds for winter. Many are never retrieved and grow into trees.","The jay has excellent memory for seed storage."
animals,"Which mammal can hold its breath the longest underwater? It can dive for over two hours. This ability helps it hunt in deep waters.","The Cuvier’s beaked whale can hold its breath for over two hours."
animals,"Which reptile is known for living both on land and in water? It has webbed feet and a strong shell. It is an ancient group with many species worldwide.","The turtle can live in water and on land."
animals,"Which bird is the largest living species today? It cannot fly but runs swiftly on land. Its eggs are the largest of any bird.","The ostrich is the largest living bird."
animals,"Which mammal is known for its distinctive black and white stripes? These patterns confuse predators. Each individual has a unique stripe pattern.","The zebra is known for its black and white stripes."
animals,"Which insect is known for its role in spreading the plague historically? It transmits disease through its bite. It once caused massive human deaths.","The flea spread the plague in history."
animals,"Which mammal has the ability to live in extremely cold climates? Its thick fur and blubber keep it warm. It is a skilled hunter of seals.","The polar bear thrives in Arctic climates."
animals,"Which fish is known for its sharp teeth and aggressive hunting style? It hunts in packs. Its reputation often makes people fearful.","The piranha is known for its sharp teeth and hunting in groups."
animals,"Which mammal is recognized for its striped coat and powerful roar? It is one of the largest predators on Earth. It is also endangered in the wild.","The tiger is known for its stripes and roar."
animals,"Which bird is known for pounding its chest and loud calls in the jungle? It is one of the most powerful primates. It can be heard from miles away.","The gorilla pounds its chest and calls loudly in the jungle."
animals,"Which mammal is famous for being the tallest animal on Earth? It uses its long neck to eat leaves high in trees. Its legs are also extremely long.","The giraffe is the tallest animal in the world."
animals,"Which reptile can glide from tree to tree using flaps of skin? It spreads its ribs to create wings. This allows it to travel long distances without touching the ground.","The flying dragon lizard glides between trees."
animals,"Which mammal is famous for eating bamboo almost exclusively? It can consume up to 40 pounds a day. It spends most of its time eating or resting.","The giant panda eats mainly bamboo."
animals,"Which bird is known for running fast across deserts? It is smaller than many birds of prey. Its speed helps it escape predators.","The roadrunner is known for its speed in deserts."
animals,"Which insect is known for carrying leaves back to its colony? It cuts and transports them with precision. These leaves are used to grow fungus as food.","The leafcutter ant carries leaves to grow fungus."
animals,"Which mammal is often called the sea cow? It grazes on underwater plants. It is gentle and slow-moving.","The manatee is often called the sea cow."
animals,"Which reptile is the longest living animal species today? Some individuals are more than 180 years old. They inhabit remote islands.","The Aldabra giant tortoise is among the longest-living animals."
animals,"Which bird is famous for its long curved beak? It uses it to probe flowers for nectar. Its rapid wingbeats allow it to hover in place.","The hummingbird has a long curved beak and hovers at flowers."
animals,"Which mammal is known for its loud trumpeting calls? It uses sound to communicate across long distances. It also shows strong social bonds.","The elephant is known for its trumpeting calls and social nature."
animals,"Which fish is known for being able to live both in saltwater and freshwater? It travels great distances to spawn. It is an important food source.","The salmon can live in both salt and freshwater."
animals,"Why are elephants known for their intelligence? How do they use memory in the wild, and what social behaviors show their intelligence? Why do scientists compare them to humans?","Elephants remember water sources and migration routes for years, which helps them survive droughts. They show intelligence by comforting herd members and cooperating in groups. Scientists compare them to humans because they display empathy, problem-solving, and long-term memory."
animals,"What makes octopuses some of the smartest invertebrates? How do they escape danger, and what tricks do they use for survival? Why do divers find them fascinating?","Octopuses can open jars, solve mazes, and even use tools. They escape danger by changing colors and releasing ink to confuse predators. Divers find them fascinating because of their camouflage skills and curious behavior."
animals,"Why are wolves considered ecosystem engineers? How do their hunts affect prey populations, and how does this shape landscapes? What example shows this effect?","Wolves reduce overpopulated deer and elk, preventing overgrazing. Their presence allows plants and rivers to recover, reshaping ecosystems. Yellowstone National Park is a famous example where wolf reintroduction restored balance."
animals,"What makes whales vital to ocean ecosystems? How does their behavior help plankton growth, and why does this matter for climate? How do humans benefit?","Whales spread nutrients through their waste when they surface and dive. This process boosts plankton growth, which absorbs carbon dioxide. Humans benefit because healthy oceans help regulate global climate."
animals,"Why are gorillas called gentle giants? How do they interact within troops, and how do silverbacks lead them? What happens when danger approaches?","Gorillas are peaceful herbivores that use gestures and sounds to communicate. Silverbacks lead groups by protecting, guiding, and keeping order. When danger approaches, the silverback defends the troop with strength and courage."
animals,"What makes dolphins symbols of intelligence? How do they communicate, and why do researchers study them? How do they interact with humans?","Dolphins communicate using whistles, clicks, and body language. Researchers study them to learn about problem-solving and social behavior. They often interact with humans by swimming alongside boats and playing in waves."
animals,"Why are honeybees crucial for human food supply? How do they pollinate, and what percentage of crops depend on them? What risks threaten their survival?","Honeybees transfer pollen between flowers, helping plants reproduce. About 75% of global food crops rely on pollinators like bees. Risks such as pesticides, habitat loss, and disease threaten their survival."
animals,"What makes cheetahs unique compared to other big cats? How are they built for speed, and why is this both an advantage and disadvantage? What struggles do they face in the wild?","Cheetahs have lightweight bodies and long legs that let them run up to 70 mph. Their speed is an advantage for hunting but makes them weaker in fights with other predators. They struggle with low genetic diversity and competition for prey."
animals,"Why are penguins adapted to extreme cold? How do they survive as colonies, and why do they take turns in groups? What danger do they face in modern times?","Penguins have thick feathers and fat layers that protect them from cold. They huddle in large colonies and rotate positions to keep warm. Today, melting ice and reduced food supplies are major threats."
animals,"What makes parrots among the most intelligent birds? How do they mimic human speech, and why do scientists link them to problem-solving? What challenges do they face in captivity?","Parrots mimic speech by controlling their vocal organs with precision. Scientists find them capable of solving puzzles and learning patterns. In captivity, they face boredom and stress if not given mental stimulation."
animals,"Why are lions unique among big cats? How do prides work, and what roles do females and males play? What threats do lions face today?","Lions are the only big cats that live in family groups called prides. Females do most of the hunting, while males protect territory. Today, they face threats from habitat loss and human conflict."
animals,"What makes sloths perfectly suited to treetop life? How do they conserve energy, and what role does algae play in their fur? Why does this make them hard to spot?","Sloths move slowly to conserve energy and avoid predators. Their fur grows algae, which gives them camouflage in trees. This makes them difficult for predators to detect in the wild."
animals,"Why are sea turtles considered ancient travelers? How long have they existed, and what migrations do they undertake? Why are conservation efforts so important?","Sea turtles have existed for over 100 million years. They migrate thousands of miles between feeding and nesting grounds. Conservation is vital because they face threats from plastic pollution, poaching, and habitat loss."
animals,"What makes hummingbirds incredible flyers? How do their wings work, and what energy demands do they face? Why are they important for ecosystems?","Hummingbirds can flap their wings up to 80 times per second. This requires constant feeding on nectar to fuel their high metabolism. They are important pollinators that help flowers reproduce."
animals,"Why are rhinoceroses symbols of strength and vulnerability? What makes their horns so valuable, and why is this harmful? How do conservationists protect them?","Rhinos are massive animals with horns used for defense. Sadly, horns are targeted by poachers for black-market trade. Conservationists protect them with anti-poaching patrols and protected reserves."
animals,"What makes wolves masters of communication? How do howls help them, and what other signals do they use? Why do packs rely on this?","Wolves howl to signal location and keep packs united. They also use body language and scent marking to communicate. This teamwork is essential for hunting and survival."
animals,"Why are whales threatened despite their size? What dangers do human activities create, and how do ships affect them? Why are protections necessary?","Whales face dangers from ship strikes, fishing nets, and noise pollution. Human activity disrupts migration and feeding patterns. Protections are necessary to ensure their survival for future generations."