id,router,input,route_time,expert,result_or_error
0,simple,query_0,0.000001,Payments,ERROR: timeout after 1 tries
1,simple,query_1,0.000003,Payments,ERROR: timeout after 1 tries
2,simple,query_2,0.000001,Payments,ERROR: timeout after 1 tries
3,simple,query_3,0.000001,Payments,ERROR: timeout after 1 tries
4,simple,query_4,0.000001,Payments,ERROR: timeout after 1 tries
5,simple,query_5,0.000001,Payments,ERROR: timeout after 1 tries
6,simple,query_6,0.000001,Payments,ERROR: timeout after 1 tries
7,simple,query_7,0.000001,Payments,ERROR: timeout after 1 tries
8,simple,query_8,0.000001,Payments,ERROR: timeout after 1 tries
9,simple,query_9,0.000001,Payments,ERROR: timeout after 1 tries
10,simple,query_10,0.000001,Payments,ERROR: timeout after 1 tries
11,simple,query_11,0.000001,Payments,ERROR: timeout after 1 tries
